"percentage_of_fwdbtn","shuffle"
"16.29515757109915449700","true"
"5.69893004386326081300","false"
